latitude,longitude,altitude_ft
52.1559,20.9757,0.0
52.1522,20.979,997.37536
52.1393,20.9904,1998.03156
52.1296,20.999,1998.03156
52.1273,21.0008,1998.03156
52.1265,21.0014,1998.03156
52.1257,21.002,1998.03156
52.1249,21.0025,1998.03156
52.1241,21.003,1998.03156
52.1236,21.0031,1998.03156
52.1227,21.0036,1998.03156
52.1218,21.0039,1998.03156
52.121,21.0042,1998.03156
52.1201,21.0044,1998.03156
52.1193,21.0046,1998.03156
52.1182,21.0048,1998.03156
52.1173,21.0049,1998.03156
52.1164,21.0049,1998.03156
52.1156,21.0049,1998.03156
52.1143,21.0047,1998.03156
52.1135,21.0045,1998.03156
52.1124,21.0042,1998.03156
52.1119,21.0041,1998.03156
52.1109,21.0036,1998.03156
52.11,21.0033,1998.03156
52.1091,21.0027,1998.03156
52.1082,21.0022,1998.03156
52.1072,21.0015,1998.03156
52.1062,21.0007,1998.03156
52.1054,21.0001,1998.03156
52.1046,20.9994,1998.03156
52.1035,20.9984,1998.03156
52.1017,20.9967,1998.03156
52.0989,20.9939,1998.03156
52.0944,20.9888,2998.68776
52.0624,20.9528,3999.34396
52.0579,20.9477,3999.34396
52.0558,20.9451,3999.34396
52.0534,20.9417,3999.34396
52.0518,20.9393,3999.34396
52.0495,20.9355,3999.34396
52.0486,20.9339,3999.34396
52.0475,20.9321,3999.34396
52.0468,20.9306,3999.34396
52.046,20.929,3999.34396
52.0451,20.9272,3999.34396
52.0442,20.9251,3999.34396
52.0433,20.923,3999.34396
52.0425,20.921,3999.34396
52.0419,20.9193,3999.34396
52.0407,20.9158,3999.34396
52.04,20.9138,3999.34396
52.0391,20.9105,3999.34396
52.0388,20.9092,3999.34396
52.0384,20.9078,3999.34396
52.0375,20.9037,3999.34396
52.037,20.9015,3999.34396
52.0367,20.8993,3999.34396
52.0363,20.8969,3999.34396
52.036,20.8946,3999.34396
52.0356,20.8923,3999.34396
52.0354,20.8898,3999.34396
52.0352,20.8877,3999.34396
52.0351,20.8854,3999.34396
52.0348,20.8803,3999.34396
52.0342,20.8675,5000.00016
52.0324,20.7721,5997.37552
52.0314,20.7299,5997.37552
52.0306,20.6945,7998.68792
52.0298,20.646,8999.34412
52.0298,20.5817,10000.00032
52.0299,20.536,10000.00032
52.0304,20.5225,10997.37568
52.0308,20.5148,10997.37568
52.0336,20.4805,11998.03188
52.04,20.4026,12998.68808
52.047,20.3172,12998.68808
52.0533,20.2409,15000.00048
52.0597,20.1632,15997.37584
52.0648,20.1006,16998.03204
52.0695,20.0424,17998.68824
52.0742,19.983,18999.34444
52.0789,19.925,20000.00064
52.0842,19.8576,20997.376
52.09,19.7829,21998.0322
52.0943,19.7285,22998.6884
52.1047,19.5939,23999.3446
52.1134,19.4795,25000.0008
52.1232,19.3488,25997.37616
52.1315,19.2369,26998.03236
52.1427,19.083,26998.03236
52.1547,18.9142,28999.34476
52.1676,18.7284,30000.00096
52.1782,18.574,30997.37632
52.1905,18.3907,31998.03252
52.2023,18.2094,32998.68872
52.2176,17.9674,33999.34492
52.2333,17.7116,35000.00112
52.2481,17.4616,35997.37648
52.2803,16.8838,35000.00112
52.2805,16.8791,35997.37648
52.281,16.8706,35000.00112
52.2917,16.6647,35997.37648
52.2919,16.6611,35000.00112
52.2921,16.6575,35997.37648
52.298,16.5406,35997.37648
52.2998,16.4782,35000.00112
52.3033,16.3213,35997.37648
52.3108,15.9432,35000.00112
52.3174,15.5432,35997.37648
52.3263,14.7621,35000.00112
52.3283,14.4744,35997.37648
52.33,13.8687,35000.00112
52.33,13.8621,35997.37648
52.33,13.8589,35000.00112
52.3301,13.7664,35997.37648
52.3299,13.5279,35000.00112
52.3299,13.5214,35997.37648
52.3299,13.5195,35000.00112
52.3299,13.5157,35997.37648
52.3221,12.4253,35000.00112
52.322,12.4181,35997.37648
52.322,12.4146,35000.00112
52.317,12.0435,35997.37648
52.3105,11.6473,35000.00112
52.3053,11.3827,35997.37648
52.2866,10.5984,35000.00112
52.2755,10.2094,35997.37648
52.2604,9.7458,35000.00112
52.2521,9.5117,35997.37648
52.2131,8.5485,35000.00112
52.2048,8.3617,35997.37648
52.2016,8.2952,35000.00112
52.1986,8.2301,35997.37648
52.1944,8.1424,35000.00112
52.1927,8.1071,35997.37648
52.168,7.616,35000.00112
52.1555,7.3835,35997.37648
52.1194,6.7489,35000.00112
52.1179,6.7237,35997.37648
52.106,6.5307,35000.00112
52.1031,6.4844,35997.37648
52.0913,6.2977,35000.00112
52.0911,6.2947,35997.37648
52.0909,6.2916,35000.00112
52.0905,6.2852,35997.37648
52.0903,6.2817,35000.00112
52.0899,6.2753,35997.37648
51.9707,4.6037,35000.00112
51.9702,4.5977,35997.37648
51.97,4.5943,35000.00112
51.9469,4.3057,35997.37648
51.8506,3.1873,35997.37648
51.8389,2.9997,35000.00112
51.8199,2.689,33999.34492
51.8121,2.5643,32998.68872
51.8053,2.4592,31998.03252
51.7985,2.3533,30997.37632
51.7914,2.2453,30000.00096
51.7843,2.1411,28999.34476
51.777,2.0331,26998.03236
51.7689,1.9149,26998.03236
51.7583,1.7636,25997.37616
51.7518,1.6706,25000.0008
51.7458,1.5867,23999.3446
51.7407,1.5039,22998.6884
51.7347,1.4101,21998.0322
51.7282,1.3101,20997.376
51.721,1.202,20000.00064
51.713,1.0839,18999.34444
51.6833,0.6558,17998.68824
51.6714,0.491,16998.03204
51.6595,0.3304,15997.37584
51.6461,0.1533,15997.37584
51.645,0.1451,15997.37584
51.6446,0.1431,15997.37584
51.6442,0.1411,15997.37584
51.6438,0.1393,15997.37584
51.6434,0.1376,15997.37584
51.643,0.1357,15997.37584
51.6427,0.1346,15997.37584
51.6418,0.1315,15997.37584
51.6413,0.1299,15997.37584
51.6407,0.1279,15997.37584
51.6401,0.1263,15997.37584
51.6395,0.1246,15997.37584
51.6386,0.1225,15997.37584
51.6379,0.1209,15997.37584
51.6372,0.1193,15997.37584
51.6364,0.1176,15997.37584
51.6352,0.1154,15997.37584
51.6347,0.1145,15997.37584
51.6337,0.1128,15997.37584
51.6326,0.1111,15997.37584
51.6316,0.1096,15997.37584
51.6305,0.1081,15997.37584
51.6296,0.1068,15997.37584
51.6285,0.1055,15997.37584
51.6275,0.1043,15997.37584
51.6264,0.1031,15997.37584
51.6253,0.102,15997.37584
51.624,0.1008,15997.37584
51.6227,0.0997,15997.37584
51.6215,0.0988,15997.37584
51.6208,0.0983,15997.37584
51.6194,0.0973,15997.37584
51.6181,0.0964,15997.37584
51.6168,0.0957,15997.37584
51.6153,0.0949,15997.37584
51.6147,0.0947,15997.37584
51.6133,0.0941,15997.37584
51.6113,0.0935,15997.37584
51.61,0.0932,15997.37584
51.6089,0.0928,15997.37584
51.6077,0.0926,15997.37584
51.6061,0.0925,15997.37584
51.6048,0.0924,15997.37584
51.6032,0.0924,15997.37584
51.602,0.0924,15997.37584
51.6006,0.0925,15997.37584
51.5993,0.0928,15997.37584
51.5985,0.0929,15997.37584
51.5965,0.0934,15997.37584
51.5954,0.0938,15997.37584
51.5942,0.0942,15997.37584
51.5929,0.0947,15997.37584
51.5915,0.0953,15997.37584
51.5903,0.096,15997.37584
51.589,0.0967,15997.37584
51.5877,0.0975,15997.37584
51.5865,0.0984,15997.37584
51.5852,0.0993,15997.37584
51.5843,0.1001,15997.37584
51.5829,0.1013,15997.37584
51.5818,0.1025,15997.37584
51.5796,0.1047,15997.37584
51.5787,0.1059,15997.37584
51.5776,0.1073,15997.37584
51.5765,0.1087,15997.37584
51.5755,0.1102,15997.37584
51.5746,0.1116,15997.37584
51.5736,0.1132,15997.37584
51.5729,0.1146,15997.37584
51.5717,0.1168,15997.37584
51.5701,0.12,15997.37584
51.5693,0.122,15997.37584
51.5686,0.1237,15997.37584
51.5682,0.1248,15997.37584
51.5675,0.1267,15997.37584
51.5669,0.1285,15997.37584
51.5661,0.1312,15997.37584
51.5655,0.1331,15997.37584
51.5651,0.1349,15997.37584
51.5647,0.1368,15997.37584
51.5643,0.1386,15997.37584
51.5638,0.1409,15997.37584
51.5635,0.1431,15997.37584
51.5632,0.145,15997.37584
51.563,0.1471,15997.37584
51.5628,0.1489,15997.37584
51.5626,0.1509,15997.37584
51.5625,0.153,15997.37584
51.5623,0.1555,15997.37584
51.5623,0.1575,15997.37584
51.5623,0.1586,15997.37584
51.5623,0.1617,15997.37584
51.5624,0.1632,15997.37584
51.5625,0.1656,15997.37584
51.5628,0.1717,15997.37584
51.5712,0.2846,15997.37584
51.5716,0.2887,15997.37584
51.5719,0.2907,15997.37584
51.5722,0.2927,15997.37584
51.5724,0.2944,15997.37584
51.5728,0.2963,15997.37584
51.5732,0.2983,15997.37584
51.5736,0.3004,15997.37584
51.574,0.3024,15997.37584
51.5745,0.3044,15997.37584
51.575,0.3063,15997.37584
51.5756,0.3082,15997.37584
51.5761,0.3099,15997.37584
51.5766,0.3116,15997.37584
51.5772,0.3133,15997.37584
51.5778,0.3149,15997.37584
51.5785,0.3168,15997.37584
51.5791,0.3184,15997.37584
51.58,0.3203,15997.37584
51.5808,0.3219,15997.37584
51.5812,0.3228,15997.37584
51.582,0.3244,15997.37584
51.5829,0.326,15997.37584
51.5838,0.3276,15997.37584
51.5846,0.3289,15997.37584
51.5855,0.3303,15997.37584
51.5864,0.3316,15997.37584
51.5875,0.3329,15997.37584
51.5884,0.3341,15997.37584
51.5894,0.3353,15997.37584
51.5905,0.3365,15997.37584
51.5915,0.3376,15997.37584
51.5927,0.3387,15997.37584
51.5936,0.3395,15997.37584
51.5948,0.3406,15997.37584
51.596,0.3415,15997.37584
51.5972,0.3423,15997.37584
51.5984,0.3431,15997.37584
51.5996,0.3438,15997.37584
51.6002,0.3442,15997.37584
51.6016,0.3448,15997.37584
51.6026,0.3453,15997.37584
51.6039,0.3458,15997.37584
51.6056,0.3464,15997.37584
51.6063,0.3465,15997.37584
51.6075,0.3468,15997.37584
51.6087,0.3471,15997.37584
51.6104,0.3473,15997.37584
51.611,0.3474,15997.37584
51.6128,0.3474,15997.37584
51.614,0.3474,15997.37584
51.615,0.3473,15997.37584
51.6162,0.3472,15997.37584
51.6173,0.3471,15997.37584
51.6183,0.3469,15997.37584
51.619,0.3468,15997.37584
51.6207,0.3463,15997.37584
51.622,0.3459,15997.37584
51.6231,0.3455,15997.37584
51.6241,0.3451,15997.37584
51.6257,0.3443,15997.37584
51.627,0.3437,15997.37584
51.6275,0.3433,15997.37584
51.6288,0.3426,15997.37584
51.6299,0.3418,15997.37584
51.6311,0.3409,15997.37584
51.6322,0.3401,15997.37584
51.6334,0.3391,15997.37584
51.6344,0.3381,15997.37584
51.6354,0.3371,15997.37584
51.6365,0.3359,15997.37584
51.6375,0.3349,15997.37584
51.6381,0.3342,15997.37584
51.6392,0.3328,15997.37584
51.6401,0.3316,15997.37584
51.641,0.3303,15997.37584
51.6419,0.329,15997.37584
51.6428,0.3276,15997.37584
51.6437,0.3261,15997.37584
51.6445,0.3246,15997.37584
51.6452,0.3232,15997.37584
51.6467,0.3202,15997.37584
51.6475,0.3185,15997.37584
51.6481,0.3169,15997.37584
51.6487,0.3155,15997.37584
51.6493,0.3138,15997.37584
51.65,0.312,15997.37584
51.6505,0.3103,15997.37584
51.651,0.3085,15997.37584
51.6515,0.3068,15997.37584
51.652,0.305,15997.37584
51.6524,0.3032,15997.37584
51.6529,0.3012,15997.37584
51.6532,0.2992,15997.37584
51.6536,0.2973,15997.37584
51.6539,0.2956,15997.37584
51.6541,0.2934,15997.37584
51.6544,0.2914,15997.37584
51.6545,0.2895,15997.37584
51.6547,0.2871,15997.37584
51.6548,0.2852,15997.37584
51.655,0.2811,15997.37584
51.655,0.2791,15997.37584
51.6549,0.2779,15997.37584
51.6549,0.2757,15997.37584
51.6548,0.2737,15997.37584
51.6545,0.269,15997.37584
51.6459,0.1542,15997.37584
51.6454,0.1502,15997.37584
51.6449,0.1462,15997.37584
51.6445,0.1439,15997.37584
51.6442,0.1419,15997.37584
51.6438,0.14,15997.37584
51.6434,0.1381,15997.37584
51.643,0.1364,15997.37584
51.6424,0.1342,15997.37584
51.642,0.1324,15997.37584
51.6414,0.1304,15997.37584
51.6408,0.1286,15997.37584
51.6402,0.1267,15997.37584
51.6398,0.1257,15997.37584
51.6391,0.1237,15997.37584
51.6383,0.1216,15997.37584
51.6375,0.1197,15997.37584
51.6366,0.1178,15997.37584
51.6358,0.1163,15997.37584
51.635,0.1148,15997.37584
51.6342,0.1133,15997.37584
51.6333,0.1117,15997.37584
51.6322,0.11,15997.37584
51.6312,0.1085,15997.37584
51.6301,0.1071,15997.37584
51.6291,0.1058,15997.37584
51.6282,0.1047,15997.37584
51.6271,0.1035,15997.37584
51.6261,0.1024,15997.37584
51.6249,0.1012,15997.37584
51.6239,0.1003,15997.37584
51.6228,0.0993,15997.37584
51.6215,0.0983,15997.37584
51.6197,0.097,15997.37584
51.6186,0.0963,15997.37584
51.6173,0.0956,15997.37584
51.616,0.0949,15997.37584
51.6146,0.0942,15997.37584
51.6134,0.0938,15997.37584
51.6127,0.0935,15997.37584
51.6113,0.0931,15997.37584
51.6099,0.0927,15997.37584
51.6085,0.0923,15997.37584
51.6071,0.0922,15997.37584
51.6055,0.092,15997.37584
51.6042,0.0919,15997.37584
51.6028,0.0919,15997.37584
51.6015,0.092,15997.37584
51.6002,0.0921,15997.37584
51.5988,0.0923,15997.37584
51.5975,0.0926,15997.37584
51.5962,0.0929,15997.37584
51.595,0.0934,15997.37584
51.5935,0.0939,15997.37584
51.5922,0.0945,15997.37584
51.5914,0.0948,15997.37584
51.59,0.0955,15997.37584
51.5889,0.0962,15997.37584
51.5874,0.0971,15997.37584
51.5862,0.098,15997.37584
51.5846,0.0992,15997.37584
51.5836,0.1001,15997.37584
51.5823,0.1012,15997.37584
51.5812,0.1022,15997.37584
51.58,0.1035,15997.37584
51.579,0.1046,15997.37584
51.578,0.1058,15997.37584
51.5769,0.1072,15000.00048
51.5758,0.1086,15000.00048
51.5749,0.1099,15000.00048
51.574,0.1113,15000.00048
51.5731,0.1128,15000.00048
51.5718,0.115,15000.00048
51.5712,0.116,15000.00048
51.5704,0.1176,15000.00048
51.5696,0.1193,15000.00048
51.5688,0.1212,15000.00048
51.5678,0.1235,15000.00048
51.5672,0.1251,15000.00048
51.5665,0.1269,15000.00048
51.566,0.1286,15000.00048
51.5654,0.1306,15000.00048
51.5647,0.1329,15000.00048
51.5645,0.1339,15000.00048
51.564,0.1361,15000.00048
51.5636,0.1379,15000.00048
51.5632,0.1402,15000.00048
51.5628,0.1424,15000.00048
51.5625,0.1447,15000.00048
51.5622,0.1466,15000.00048
51.562,0.1485,15000.00048
51.5619,0.1504,15000.00048
51.5618,0.1522,15000.00048
51.5617,0.1542,15000.00048
51.5616,0.1572,15000.00048
51.5616,0.1583,15000.00048
51.5616,0.1612,15000.00048
51.5617,0.1632,15000.00048
51.5619,0.1674,15000.00048
51.5704,0.2827,15000.00048
51.5709,0.2885,15000.00048
51.5715,0.2931,15000.00048
51.5718,0.2951,15000.00048
51.5721,0.2969,15000.00048
51.5724,0.2989,15000.00048
51.5728,0.3008,15000.00048
51.5732,0.3026,15000.00048
51.5736,0.3046,15000.00048
51.5741,0.3063,15000.00048
51.5745,0.3081,15000.00048
51.5749,0.3092,15000.00048
51.5755,0.3112,15000.00048
51.576,0.313,15000.00048
51.5766,0.3147,15000.00048
51.5772,0.3164,15000.00048
51.5779,0.3183,15000.00048
51.5786,0.32,15000.00048
51.5793,0.3216,15000.00048
51.5801,0.3233,15000.00048
51.581,0.3252,15000.00048
51.5817,0.3265,15000.00048
51.5826,0.3281,15000.00048
51.5834,0.3294,12998.68808
51.5842,0.3307,12998.68808
51.5851,0.3321,12998.68808
51.5858,0.3332,12998.68808
51.5869,0.3347,12998.68808
51.5879,0.3359,12998.68808
51.5887,0.3369,12998.68808
51.5897,0.3381,12998.68808
51.5908,0.3392,12998.68808
51.5917,0.3401,12998.68808
51.5927,0.3411,12998.68808
51.5941,0.3423,12998.68808
51.5952,0.3432,12998.68808
51.5959,0.3437,12998.68808
51.597,0.3445,12998.68808
51.5982,0.3453,12998.68808
51.5992,0.3458,12998.68808
51.6005,0.3466,12998.68808
51.6017,0.3471,12998.68808
51.6028,0.3476,12998.68808
51.6041,0.3481,12998.68808
51.6053,0.3485,12998.68808
51.6065,0.3488,12998.68808
51.6076,0.3491,12998.68808
51.6087,0.3493,12998.68808
51.6098,0.3494,12998.68808
51.6111,0.3496,12998.68808
51.612,0.3496,12998.68808
51.6131,0.3496,12998.68808
51.6144,0.3496,12998.68808
51.6156,0.3495,12998.68808
51.6167,0.3493,12998.68808
51.6179,0.3491,12998.68808
51.6191,0.3488,12998.68808
51.6203,0.3485,12998.68808
51.6215,0.3481,12998.68808
51.6227,0.3477,12998.68808
51.625,0.3467,12998.68808
51.6259,0.3462,12998.68808
51.6269,0.3457,12998.68808
51.6283,0.3448,12998.68808
51.6294,0.3442,12998.68808
51.6315,0.3426,12998.68808
51.6319,0.3423,12998.68808
51.6332,0.3411,12998.68808
51.6343,0.3402,12998.68808
51.6347,0.3397,12998.68808
51.6366,0.3378,12998.68808
51.6376,0.3367,12998.68808
51.6385,0.3356,12998.68808
51.6393,0.3347,12998.68808
51.6403,0.3334,12998.68808
51.6411,0.3321,12998.68808
51.6422,0.3307,12998.68808
51.6426,0.3299,12998.68808
51.6435,0.3284,12998.68808
51.6443,0.327,12998.68808
51.6451,0.3257,12998.68808
51.6458,0.3242,12998.68808
51.6468,0.3223,12998.68808
51.6474,0.3209,12998.68808
51.6481,0.3192,12998.68808
51.6488,0.3175,12998.68808
51.65,0.3141,12998.68808
51.6509,0.3113,12998.68808
51.6514,0.3096,12998.68808
51.6519,0.3078,12998.68808
51.6525,0.3053,12998.68808
51.6529,0.3035,12998.68808
51.6533,0.3017,12998.68808
51.6536,0.2998,12998.68808
51.6539,0.2979,12998.68808
51.6541,0.2962,12998.68808
51.6542,0.2954,12998.68808
51.6546,0.2923,12998.68808
51.6547,0.2905,12998.68808
51.6549,0.2887,12998.68808
51.655,0.2868,12998.68808
51.655,0.2847,12998.68808
51.6551,0.283,12998.68808
51.6551,0.2812,12998.68808
51.655,0.2793,12998.68808
51.655,0.2773,12998.68808
51.6547,0.2733,12998.68808
51.653,0.2497,12998.68808
51.6462,0.159,12998.68808
51.6457,0.1533,12998.68808
51.6452,0.149,12998.68808
51.6449,0.1469,12998.68808
51.6446,0.145,12998.68808
51.6443,0.1428,12998.68808
51.6439,0.141,12998.68808
51.6435,0.1392,12998.68808
51.6431,0.1376,12998.68808
51.6427,0.1358,12998.68808
51.6422,0.1338,12998.68808
51.6416,0.1318,12998.68808
51.6411,0.13,12998.68808
51.6405,0.1282,12998.68808
51.6396,0.1257,12998.68808
51.6389,0.1242,12998.68808
51.6383,0.1227,12998.68808
51.6377,0.1213,12998.68808
51.6368,0.1195,12998.68808
51.636,0.118,12998.68808
51.6351,0.1164,12998.68808
51.6341,0.1147,12998.68808
51.6333,0.1134,12998.68808
51.6329,0.1128,12998.68808
51.6316,0.1109,12998.68808
51.631,0.1102,12998.68808
51.6295,0.1083,12998.68808
51.6284,0.107,12998.68808
51.6274,0.106,12998.68808
51.6261,0.1047,12998.68808
51.6248,0.1035,12998.68808
51.6242,0.103,12998.68808
51.6228,0.1019,12998.68808
51.6215,0.1009,12998.68808
51.6203,0.1001,12998.68808
51.6192,0.0994,12998.68808
51.6178,0.0987,12998.68808
51.6165,0.0981,12998.68808
51.6152,0.0975,12998.68808
51.6139,0.097,12998.68808
51.6113,0.0963,12998.68808
51.6102,0.0961,12998.68808
51.6089,0.0959,12998.68808
51.6076,0.0958,12998.68808
51.6069,0.0958,12998.68808
51.605,0.0958,12998.68808
51.6026,0.0961,12998.68808
51.6015,0.0963,12998.68808
51.6003,0.0966,12998.68808
51.5986,0.097,12998.68808
51.5974,0.0975,12998.68808
51.5964,0.0979,12998.68808
51.5952,0.0984,12998.68808
51.5938,0.0992,12998.68808
51.5912,0.1007,12998.68808
51.5901,0.1015,12998.68808
51.5889,0.1025,12998.68808
51.5877,0.1035,12998.68808
51.5867,0.1044,12998.68808
51.5857,0.1054,12998.68808
51.5846,0.1067,12998.68808
51.5836,0.1078,12998.68808
51.5827,0.1088,12998.68808
51.5816,0.1102,12998.68808
51.5807,0.1114,12998.68808
51.5798,0.1128,12998.68808
51.5789,0.1141,12998.68808
51.5781,0.1156,12998.68808
51.5772,0.1171,12998.68808
51.5764,0.1186,12998.68808
51.5756,0.1203,12998.68808
51.5748,0.122,12998.68808
51.5742,0.1234,12998.68808
51.5735,0.1253,12998.68808
51.5727,0.1272,12998.68808
51.5722,0.1288,12998.68808
51.5716,0.1305,12998.68808
51.5711,0.1322,12998.68808
51.5706,0.134,12998.68808
51.5702,0.1358,12998.68808
51.5697,0.1377,12998.68808
51.5693,0.1396,12998.68808
51.569,0.1414,12998.68808
51.5687,0.1434,12998.68808
51.5684,0.1453,12998.68808
51.5681,0.1472,12998.68808
51.5679,0.1492,12998.68808
51.5678,0.1511,12998.68808
51.5676,0.1529,12998.68808
51.5675,0.155,12998.68808
51.5674,0.1571,12998.68808
51.5674,0.1589,12998.68808
51.5675,0.1608,12998.68808
51.5675,0.1627,12998.68808
51.5677,0.1682,12998.68808
51.5697,0.1956,11998.03188
51.576,0.2835,11998.03188
51.5764,0.2872,11998.03188
51.5767,0.2891,11998.03188
51.5769,0.2911,11998.03188
51.5772,0.2928,11998.03188
51.5775,0.2945,11998.03188
51.5779,0.2965,11998.03188
51.5783,0.2983,11998.03188
51.5787,0.3001,11998.03188
51.5792,0.302,11998.03188
51.5794,0.3029,11998.03188
51.58,0.3049,11998.03188
51.5805,0.3065,11998.03188
51.581,0.3081,11998.03188
51.5816,0.3098,11998.03188
51.5822,0.3116,11998.03188
51.5829,0.3133,11998.03188
51.5835,0.3149,11998.03188
51.5842,0.3165,11998.03188
51.5849,0.3178,11998.03188
51.5855,0.3191,11998.03188
51.5863,0.3206,11998.03188
51.5869,0.3218,11998.03188
51.5874,0.3225,11998.03188
51.5886,0.3246,11998.03188
51.5896,0.3259,11998.03188
51.5905,0.3272,11998.03188
51.5913,0.3284,10997.37568
51.5918,0.329,10997.37568
51.5924,0.3297,10997.37568
51.5938,0.3312,10997.37568
51.5948,0.3323,10997.37568
51.5958,0.3333,10997.37568
51.5968,0.3342,10997.37568
51.5978,0.3351,10997.37568
51.5988,0.3359,10997.37568
51.5998,0.3366,10997.37568
51.6008,0.3373,10997.37568
51.6019,0.338,10997.37568
51.6028,0.3385,10997.37568
51.604,0.3392,10997.37568
51.605,0.3396,10997.37568
51.6061,0.3401,10997.37568
51.607,0.3404,10997.37568
51.608,0.3408,10997.37568
51.6092,0.3412,10997.37568
51.6103,0.3414,10997.37568
51.6114,0.3416,10997.37568
51.6126,0.3418,10997.37568
51.6137,0.3419,10997.37568
51.6159,0.342,10997.37568
51.617,0.342,10997.37568
51.618,0.3419,10997.37568
51.6195,0.3417,10997.37568
51.6202,0.3416,10997.37568
51.6215,0.3413,10997.37568
51.6226,0.341,10997.37568
51.6236,0.3407,10997.37568
51.6248,0.3403,10997.37568
51.6258,0.3399,10997.37568
51.6269,0.3394,10997.37568
51.6281,0.3389,10997.37568
51.6286,0.3385,10997.37568
51.6298,0.3378,10997.37568
51.6312,0.3369,10997.37568
51.6323,0.3362,10997.37568
51.6328,0.3357,10997.37568
51.634,0.3348,10997.37568
51.6349,0.334,10997.37568
51.6359,0.333,10997.37568
51.6366,0.3323,10997.37568
51.6377,0.3311,10997.37568
51.6385,0.3302,10997.37568
51.639,0.3297,10997.37568
51.6404,0.3279,10997.37568
51.6412,0.3267,10997.37568
51.6421,0.3256,10997.37568
51.6429,0.3242,10997.37568
51.6438,0.3229,10997.37568
51.6443,0.3219,10997.37568
51.6451,0.3206,10997.37568
51.6459,0.3191,10997.37568
51.6466,0.3177,10997.37568
51.6474,0.316,10997.37568
51.648,0.3146,10997.37568
51.6486,0.3132,10997.37568
51.6492,0.3117,10997.37568
51.6498,0.3101,10997.37568
51.6505,0.3078,10997.37568
51.651,0.3064,10997.37568
51.6515,0.3048,10997.37568
51.6519,0.3032,10997.37568
51.6523,0.3017,10000.00032
51.6527,0.2998,10000.00032
51.6532,0.2979,10000.00032
51.6535,0.296,10000.00032
51.6538,0.2942,10000.00032
51.654,0.2931,10000.00032
51.6543,0.2904,10000.00032
51.6545,0.2885,10000.00032
51.6547,0.2866,10000.00032
51.6549,0.2846,10000.00032
51.6549,0.2837,10000.00032
51.655,0.2816,10000.00032
51.655,0.2798,10000.00032
51.655,0.2759,10000.00032
51.6549,0.2738,10000.00032
51.6548,0.2719,10000.00032
51.6546,0.268,10000.00032
51.646,0.1555,10000.00032
51.6456,0.1518,10000.00032
51.6453,0.1499,10000.00032
51.6451,0.1482,10000.00032
51.6448,0.1463,10000.00032
51.6445,0.1447,10000.00032
51.6441,0.1428,10000.00032
51.6437,0.1411,10000.00032
51.6434,0.1394,10000.00032
51.6429,0.1374,10000.00032
51.6418,0.1335,10000.00032
51.6412,0.1317,10000.00032
51.6406,0.1298,10000.00032
51.64,0.1282,10000.00032
51.6394,0.1266,10000.00032
51.6387,0.1248,10000.00032
51.6383,0.1239,10000.00032
51.6372,0.1215,10000.00032
51.6368,0.1207,10000.00032
51.6361,0.1193,10000.00032
51.6351,0.1176,10000.00032
51.6342,0.1162,10000.00032
51.6334,0.1148,10000.00032
51.6324,0.1134,10000.00032
51.632,0.1128,10000.00032
51.6301,0.1104,10000.00032
51.6291,0.1094,10000.00032
51.6281,0.1082,10000.00032
51.627,0.1072,10000.00032
51.6259,0.1063,10000.00032
51.6247,0.1053,10000.00032
51.6242,0.1049,10000.00032
51.6225,0.1037,10000.00032
51.6213,0.103,10000.00032
51.6204,0.1024,10000.00032
51.6191,0.1018,10000.00032
51.6179,0.1013,10000.00032
51.6168,0.1009,10000.00032
51.6157,0.1005,10000.00032
51.613,0.0999,10000.00032
51.6118,0.0997,10000.00032
51.61,0.0995,10000.00032
51.6093,0.0995,10000.00032
51.6082,0.0996,10000.00032
51.6068,0.0996,10000.00032
51.6055,0.0998,10000.00032
51.6041,0.1,10000.00032
51.6029,0.1003,10000.00032
51.6014,0.1007,10000.00032
51.6001,0.1012,10000.00032
51.5988,0.1018,10000.00032
51.5976,0.1024,10000.00032
51.5964,0.1031,10000.00032
51.5958,0.1035,10000.00032
51.5941,0.1045,10000.00032
51.5929,0.1054,10000.00032
51.5918,0.1063,10000.00032
51.5912,0.1068,10000.00032
51.5901,0.1079,10000.00032
51.589,0.1089,10000.00032
51.5878,0.1102,10000.00032
51.5869,0.1113,10000.00032
51.5858,0.1127,10000.00032
51.585,0.1138,10000.00032
51.5841,0.1151,10000.00032
51.5829,0.1171,10000.00032
51.5821,0.1184,10000.00032
51.5813,0.1199,10000.00032
51.5804,0.1214,10000.00032
51.58,0.1224,10000.00032
51.579,0.1246,10000.00032
51.5784,0.126,10000.00032
51.5778,0.1275,10000.00032
51.5767,0.1308,10000.00032
51.5762,0.1326,10000.00032
51.5756,0.1344,10000.00032
51.5752,0.1363,10000.00032
51.5748,0.1382,10000.00032
51.5744,0.1398,10000.00032
51.5741,0.1418,10000.00032
51.5739,0.1427,10000.00032
51.5736,0.1446,10000.00032
51.5733,0.1468,10000.00032
51.5731,0.1485,10000.00032
51.5729,0.1503,10000.00032
51.5729,0.1519,10000.00032
51.5727,0.1541,10000.00032
51.5726,0.156,10000.00032
51.5726,0.1582,10000.00032
51.5726,0.1599,10000.00032
51.5727,0.1617,10000.00032
51.5727,0.1635,10000.00032
51.5728,0.1653,10000.00032
51.5729,0.1682,10000.00032
51.5766,0.2158,10000.00032
51.5769,0.2193,10000.00032
51.5774,0.2229,10000.00032
51.5776,0.2243,10000.00032
51.578,0.2269,10000.00032
51.5783,0.2284,10000.00032
51.5786,0.2299,10000.00032
51.579,0.2317,10000.00032
51.5794,0.2331,10000.00032
51.5803,0.2367,10000.00032
51.5808,0.2382,10000.00032
51.5814,0.2401,10000.00032
51.5816,0.2408,10000.00032
51.5822,0.2425,10000.00032
51.5831,0.2447,10000.00032
51.5837,0.2461,10000.00032
51.5843,0.2475,10000.00032
51.585,0.2489,10000.00032
51.5857,0.2503,10000.00032
51.5864,0.2515,10000.00032
51.5868,0.2522,10000.00032
51.5878,0.254,10000.00032
51.5885,0.2551,10000.00032
51.5894,0.2563,10000.00032
51.5902,0.2574,10000.00032
51.5909,0.2583,10000.00032
51.5918,0.2594,10000.00032
51.5926,0.2604,10000.00032
51.5936,0.2614,10000.00032
51.5944,0.2621,10000.00032
51.5954,0.2631,10000.00032
51.5966,0.2643,10000.00032
51.5971,0.2646,10000.00032
51.5985,0.2657,10000.00032
51.5996,0.2664,10000.00032
51.6004,0.2669,10000.00032
51.6015,0.2676,10000.00032
51.6026,0.2682,10000.00032
51.6035,0.2686,10000.00032
51.6041,0.2689,10000.00032
51.6053,0.2693,10000.00032
51.6064,0.2696,10000.00032
51.6076,0.27,10000.00032
51.6087,0.2703,10000.00032
51.6097,0.2705,10000.00032
51.6107,0.2706,10000.00032
51.6119,0.2707,10000.00032
51.6129,0.2707,10000.00032
51.6141,0.2707,10000.00032
51.6151,0.2706,10000.00032
51.6162,0.2706,10000.00032
51.6172,0.2704,10000.00032
51.6184,0.2702,8999.34412
51.6206,0.2696,8999.34412
51.6211,0.2694,8999.34412
51.6223,0.269,8999.34412
51.6233,0.2686,8999.34412
51.6243,0.2681,8999.34412
51.6249,0.2678,8999.34412
51.6265,0.2669,8999.34412
51.6276,0.2662,8999.34412
51.6286,0.2655,8999.34412
51.6292,0.265,8999.34412
51.6305,0.264,8999.34412
51.6313,0.2633,8999.34412
51.6324,0.2623,8999.34412
51.6333,0.2614,8999.34412
51.6342,0.2604,8999.34412
51.6351,0.2593,8999.34412
51.6361,0.2581,8999.34412
51.6369,0.2571,8999.34412
51.6376,0.2561,8999.34412
51.6384,0.2549,8999.34412
51.6391,0.2538,8999.34412
51.6398,0.2527,8999.34412
51.6408,0.2508,8999.34412
51.6415,0.2496,8999.34412
51.6421,0.2483,8999.34412
51.6428,0.2468,8999.34412
51.6434,0.2454,8999.34412
51.6444,0.2428,8999.34412
51.645,0.2414,8999.34412
51.6455,0.24,8999.34412
51.6461,0.2381,8999.34412
51.6466,0.2364,8999.34412
51.647,0.2348,8999.34412
51.6474,0.2333,8999.34412
51.6478,0.2315,8999.34412
51.6482,0.2299,8999.34412
51.6485,0.2282,8999.34412
51.6488,0.2265,8999.34412
51.6491,0.2247,8999.34412
51.6494,0.2222,8999.34412
51.6496,0.2203,8999.34412
51.6497,0.2193,8999.34412
51.6498,0.2174,8999.34412
51.6499,0.2155,8999.34412
51.65,0.2135,8999.34412
51.65,0.2118,8999.34412
51.65,0.2098,8999.34412
51.65,0.2078,8999.34412
51.6499,0.2058,8999.34412
51.6362,0.001,7998.68792
51.6076,-0.4673,7998.68792
51.6065,-0.4811,5997.37552
51.5971,-0.5723,5997.37552
51.5848,-0.6973,5997.37552
51.584,-0.7038,5997.37552
51.5832,-0.7091,5997.37552
51.5823,-0.7144,5997.37552
51.5793,-0.7292,5000.00016
51.5607,-0.8155,5000.00016
51.5599,-0.8186,5000.00016
51.5595,-0.8199,5000.00016
51.5591,-0.8214,5000.00016
51.5587,-0.8226,5000.00016
51.5582,-0.8239,5000.00016
51.5579,-0.8246,5000.00016
51.5573,-0.826,5000.00016
51.557,-0.8267,5000.00016
51.5561,-0.8287,5000.00016
51.5555,-0.8297,5000.00016
51.5548,-0.8308,5000.00016
51.5541,-0.8319,5000.00016
51.5533,-0.8331,5000.00016
51.5526,-0.834,5000.00016
51.5522,-0.8344,5000.00016
51.5515,-0.8354,5000.00016
51.5506,-0.8364,5000.00016
51.5495,-0.8374,5000.00016
51.5491,-0.8378,5000.00016
51.5481,-0.8385,5000.00016
51.5472,-0.8391,5000.00016
51.5463,-0.8397,5000.00016
51.5452,-0.8404,5000.00016
51.5446,-0.8407,5000.00016
51.5437,-0.8411,5000.00016
51.5426,-0.8414,5000.00016
51.5414,-0.8418,5000.00016
51.5405,-0.8421,5000.00016
51.5396,-0.8422,5000.00016
51.5391,-0.8423,5000.00016
51.538,-0.8424,5000.00016
51.5357,-0.8426,5000.00016
51.5342,-0.8426,5000.00016
51.5304,-0.8426,3999.34396
51.5208,-0.8421,3999.34396
51.507,-0.8409,3999.34396
51.5055,-0.8406,3999.34396
51.5045,-0.8404,3999.34396
51.5035,-0.8401,3999.34396
51.5026,-0.8397,3999.34396
51.5017,-0.8393,3999.34396
51.5006,-0.8388,3999.34396
51.4999,-0.8384,3999.34396
51.499,-0.8378,3999.34396
51.4981,-0.8372,3999.34396
51.4972,-0.8364,3999.34396
51.4961,-0.8355,3999.34396
51.4953,-0.8347,3999.34396
51.4945,-0.8338,3999.34396
51.4941,-0.8333,3999.34396
51.493,-0.8319,3999.34396
51.4924,-0.8311,3999.34396
51.4917,-0.83,3999.34396
51.491,-0.8289,3999.34396
51.4906,-0.8282,3999.34396
51.4897,-0.8265,3999.34396
51.4894,-0.8258,3999.34396
51.4888,-0.8245,3999.34396
51.4882,-0.8232,3999.34396
51.4872,-0.8208,3999.34396
51.4862,-0.8181,3999.34396
51.4848,-0.814,3999.34396
51.4802,-0.7997,3999.34396
51.4794,-0.7972,3999.34396
51.479,-0.7957,3999.34396
51.4787,-0.7946,3999.34396
51.4784,-0.7931,3999.34396
51.4781,-0.7916,3999.34396
51.4779,-0.7902,2998.68776
51.4777,-0.7888,2998.68776
51.4776,-0.7875,2998.68776
51.4774,-0.786,3999.34396
51.4773,-0.7846,3999.34396
51.4772,-0.7832,3999.34396
51.4772,-0.7819,3999.34396
51.477,-0.7776,2998.68776
51.4766,-0.6944,1998.03156
51.477,-0.613,997.37536
51.4774,-0.5305,0.0
51.4774,-0.5028,0.0
